moneyness,19
-0.174706726140182,87.4
-0.17378782871441378,86.49
0.2574662055957244,85.56000000000002
0.33778737836955175,89.37
0.35412310572117023,93.29
0.35758892207439574,93.95
0.35768650220025067,93.96499999999999
0.39392249790911626,90.84
0.4339601598068932,92.32
