moneyness,9
-0.05486102160931383,88.03
-0.05419871285043021,87.6
0.022403414827405488,76.23
0.03361843975296508,75.21
0.03392568659127626,75.23
0.06545744349879179,79.05
0.08237759391790389,89.21
0.09858238928486696,96.82
0.14802958383927578,108.22
