moneyness,25
-0.2096798413037121,81.9
0.04996266799402682,77.74
0.06533250211093655,83.43
0.12781223870729397,76.67
0.13361400052380779,75.81
0.13888954342310922,78.43
0.2539578043198847,75.76
0.2829883520209011,78.95
0.28742304721331413,78.37
0.28759886223082365,78.4
0.29917167963213753,80.81
0.30447157042565287,74.06
0.3186128193140816,75.1
0.31871293617429397,75.34
