moneyness,27
-0.26931030199405215,101.76000000000002
-0.2678980621261705,100.02
-0.26084980098380894,105.09
-0.2599006786710777,104.83
-0.2598541172465093,100.05
-0.2588639867188426,101.46000000000001
-0.25814923070075224,101.02
-0.07275188694991008,110.01
-0.015083809072172438,110.72
-0.011452505784833589,111.96999999999998
-0.011231675742583325,110.03
-0.005224414003492717,112.13
0.5452709191050675,108.02098039215686
