moneyness,28
-0.05391243595714945,88.95
-0.044676090079696085,114.98000000000002
-0.025492397036053216,120.01000000000002
-0.02207927677329624,130.45
-0.015281374229548894,124.98
-0.015134105905912354,123.04000000000002
0.0033037358731249356,70.27
0.11763666713535303,94.0
0.14515973188947773,110.59999999999998
0.5154248601840159,100.86
0.5162838050059029,100.85000000000001
