standardized_moneyness,37,128
-0.43468389364067067,89.58290155440415,
-0.38203718836673056,88.98735849056604,
-0.2696797740801125,108.97,
-0.11190331401068009,105.64999999999999,
0.004894248727423373,89.17,
0.07220294632265857,102.98000000000002,
0.20507616522355987,115.01,
0.2795222268584102,,67.45
0.2943438264268129,,68.64
0.6501528510749814,,80.29
0.6819598164929379,,84.43
0.6850929316477007,,84.1
0.6977860960105285,,82.35
