standardized_moneyness,19,82
-0.5941736639805266,,92.06999999999998
-0.24559614899609472,,86.13
-0.24055880357190285,,86.0
-0.20199644599396696,87.4,
-0.20093401400672192,86.49,
-0.06036665368303739,,88.88
0.2976832068397785,85.56000000000002,
0.39055079011394583,89.37,
0.4094382075629208,93.29,
0.41344539492935106,93.95,
0.41355821736645937,93.96499999999999,
0.42218741659942866,,74.52
0.4554543853730099,90.84,
0.5017460513433845,92.32,
