standardized_moneyness,9,72
-0.07196775758797563,88.03,
-0.07109892804726513,87.6,
0.029389236294641855,76.23,
0.04410132461362335,75.21,
0.0445043770054785,75.23,
0.08586835038540179,79.05,
0.10806453354047472,89.21,
0.12932229999326636,96.82,
0.19418809371543458,108.22,
0.7033116697548039,,75.58
1.555834525721398,,111.52999999999999
1.600233492600513,,109.07
