standardized_moneyness,65
-0.5759894976788608,121.14
-0.5538043890054707,97.2
-0.07663661046545933,139.04
0.019296506071042822,93.1
0.019884514381299907,93.31
0.024678884963586147,94.89
0.025538322187830687,95.15
0.025957278491073453,95.31
0.026060940583088412,95.34
0.2318472805912484,111.22
0.2756473659462001,110.94000000000001
1.09202347955972,112.52
1.1046160751051783,116.21
1.1074835703025179,115.87
1.1159618221277212,108.01
1.1175974075387152,107.06
