standardized_moneyness,15,50
-0.6045965901030789,,129.49
-0.4557652684917866,98.97,
-0.3194046666895046,83.37,
-0.2659140630950048,,81.38
-0.12599060936931888,,87.71
-0.0681585226746908,93.31,
-0.05971198083182558,,96.39
0.00886868958176055,62.59,
0.2875720699081928,,81.78999999999999
0.29855005472649826,,84.922
0.30139395996709517,,83.75
0.3046263637737143,,86.54
0.33259375363860266,,102.87
0.3326642233657761,,102.88
0.4046052054163107,,96.47
