IV_table_1,IV_table_2,IV_table_3,IV_table_4,IV_table_5
1.31066775140378,1.05262789281926,0.919110458839407,0.920956047968498,1.06683837187759
0.877647346543238,0.792922797634964,0.768006156888597,0.796508199342631,0.815582641302086
0.69937991324737,0.728052805610576,0.734319459953792,0.779446573422573,0.814055620123486
0.792315451746787,0.724888903791539,0.733577545815572,0.764325863710856,0.861854034689013
1.04453599171134,0.889943068270991,0.868952586542201,0.883773748289328,0.917749426118421
0.80580990976188,0.820047476495336,0.825333997915943,0.863776087952069,0.823498214356861
