moneyness,65
-0.5362462223390194,121.14
-0.5155918861640932,97.2
-0.07134868434334263,139.04
0.017965047152140867,93.1
0.01851248288899021,93.31
0.022976041901098698,94.89
0.02377617795687037,95.15
0.024166226275189384,95.31
0.024262735682855308,95.34
0.21584981823045224,111.22
0.2566276976959123,110.94000000000001
1.016673859470099,112.52
1.028397565922921,116.21
1.0310672039516442,115.87
1.0389604564009085,108.01
1.0404831864185438,107.06
