moneyness,15,50
-0.5827706532003577,,129.49
-0.28526348154900927,98.97,
-0.25631456541727515,,81.38
-0.19991538088096095,83.37,
-0.12144234837108647,,87.71
-0.057556378323796675,,96.39
-0.04266041934208897,93.31,
0.005550912809223929,62.59,
0.277190718184507,,81.78999999999999
0.2877723977508717,,84.922
0.290513638012283,,83.75
0.2936293520414832,,86.54
0.32058711913224913,,102.87
0.3206550449022716,,102.88
0.38999895750078184,,96.47
