moneyness,37,128
-0.3876076279593861,89.58290155440415,
-0.3406625608666136,88.98735849056604,
-0.24047345454723634,108.97,
-0.09978418510332343,105.64999999999999,
0.004364201590243422,89.17,
0.06438336723591465,102.98000000000002,
0.18286641652984836,115.01,
0.1885377420159977,,67.45
0.1985349109248853,,68.64
0.438528098050075,,80.29
0.4599818962244866,,84.43
0.46209518239637415,,84.1
0.47065672175910156,,82.35
