standardized_moneyness,19
-0.20199644599396696,87.4
-0.20093401400672192,86.49
0.2976832068397785,85.56000000000002
0.39055079011394583,89.37
0.4094382075629208,93.29
0.41344539492935106,93.95
0.41355821736645937,93.96499999999999
0.4554543853730099,90.84
0.5017460513433845,92.32
