standardized_moneyness,28
-0.07672183856147638,88.95
-0.06357775733555726,114.98000000000002
-0.0362777814658506,120.01000000000002
-0.031420630102883505,130.45
-0.021746654659952888,124.98
-0.021537079701027972,123.04000000000002
0.004701488363633038,70.27
0.16740667017981078,94.0
0.20657425912833033,110.59999999999998
0.7334920452312735,100.86
0.7347143944868406,100.85000000000001
