standardized_moneyness,27
-0.2401768500794187,101.76000000000002
-0.23891738350679614,100.02
-0.2326315892123508,105.09
-0.23178514106044565,104.83
-0.2317436165580213,100.05
-0.2308605963781705,101.46000000000001
-0.2302231612420871,101.02
-0.0648817327654598,110.01
-0.013452072658675145,110.72
-0.01021359652620493,111.96999999999998
-0.01001665543795891,110.03
-0.0046592473053533555,112.13
0.486284597436072,108.02098039215686
