standardized_moneyness,23
-0.0934718693657168,86.0
-0.0858891542628231,84.13
-0.07645084018456846,85.99
-0.01612335594157031,87.09999999999998
-0.013362599554914251,79.68
0.08401266073853794,92.93
0.11262720923923387,92.56
0.11294121280528363,92.63
0.11779961328311826,83.85
0.1178667127377097,82.82999999999998
0.14328457560432623,86.19
0.17350983925219474,87.56
