standardized_moneyness,25
-0.2697193739435453,81.9
0.06426893233088092,77.74
0.08403975059292071,83.43
0.1644098774212683,76.67
0.1718729103727911,75.81
0.17865904736700441,78.43
0.32667584810893324,75.76
0.36401897610097905,78.95
0.3697234978303501,78.37
0.3699496555580443,78.4
0.3848362228352683,80.81
0.39165367947729984,74.06
0.4098441205480854,75.1
0.4099729047778415,75.34
